Team,Position retention: value,Position retention: se,Position retention: n,Position retention: rank,Position retention: score,Slow-corner speed: value,Slow-corner speed: se,Slow-corner speed: n,Slow-corner speed: rank,Slow-corner speed: score,Tyre wear: value,Tyre wear: se,Tyre wear: n,Tyre wear: rank,Tyre wear: score,Suitability score,Suitability rank
Mercedes,0.2417,0.7516,40,5,61.8438,4.0063,0.4835,17,2,66.6032,-0.0151,0.0072,73,1,100.0,76.149,1
Racing Bulls,1.2814,0.4578,38,1,100.0,5.2347,0.4349,18,8,30.1934,-0.0121,0.0063,65,2,92.6499,74.2811,2
Ferrari,0.3617,0.3226,39,3,66.2464,2.8796,0.4295,18,1,100.0,0.0031,0.0057,74,8,55.0781,73.7748,3
McLaren,0.314,0.4832,35,4,64.4967,4.1833,0.4651,17,4,61.3582,-0.0015,0.005,66,6,66.5392,64.1313,4
Audi,-0.4377,0.4423,33,8,36.9077,4.0699,0.6134,18,3,64.7196,-0.0073,0.0115,64,3,80.7861,60.8045,5
Red Bull Racing,0.5729,0.7088,37,2,73.9968,4.9538,0.5653,18,7,38.5194,-0.002,0.0071,63,4,67.629,60.0484,6
Alpine,0.0703,0.4439,39,6,55.5545,4.3,0.3903,18,5,57.897,0.0015,0.0063,69,7,58.995,57.4822,7
Haas F1 Team,-0.2116,0.4326,38,7,45.2057,4.8165,0.6148,18,6,42.5894,0.0055,0.009,66,9,49.2957,45.6969,8
Williams,-0.9068,0.4739,34,10,19.6941,6.2533,0.6298,18,11,0.0,-0.0019,0.0116,67,5,67.4038,29.0326,9
Aston Martin,-0.5091,0.5921,24,9,34.29,5.7602,0.3935,18,9,14.6173,0.0106,0.0127,55,10,36.7931,28.5668,10
Cadillac,-1.4434,0.4382,29,11,0.0,6.0059,0.4537,18,10,7.3318,0.0255,0.0131,56,11,0.0,2.4439,11
