Team,Position retention raw,Position retention rank,Position retention score,Slow-corner speed raw,Slow-corner speed rank,Slow-corner speed score,Tyre wear raw,Tyre wear rank,Tyre wear score,Overall score,Overall rank
Mercedes,0.2417,5,61.8438,4.0063,2,66.6032,-0.0151,1,100.0,76.149,1
Racing Bulls,1.2814,1,100.0,5.2347,8,30.1934,-0.0121,2,92.6499,74.2811,2
Ferrari,0.3617,3,66.2464,2.8796,1,100.0,0.0031,8,55.0781,73.7748,3
McLaren,0.314,4,64.4967,4.1833,4,61.3582,-0.0015,6,66.5392,64.1313,4
Audi,-0.4377,8,36.9077,4.0699,3,64.7196,-0.0073,3,80.7861,60.8045,5
Red Bull Racing,0.5729,2,73.9968,4.9538,7,38.5194,-0.002,4,67.629,60.0484,6
Alpine,0.0703,6,55.5545,4.3,5,57.897,0.0015,7,58.995,57.4822,7
Haas F1 Team,-0.2116,7,45.2057,4.8165,6,42.5894,0.0055,9,49.2957,45.6969,8
Williams,-0.9068,10,19.6941,6.2533,11,0.0,-0.0019,5,67.4038,29.0326,9
Aston Martin,-0.5091,9,34.29,5.7602,9,14.6173,0.0106,10,36.7931,28.5668,10
Cadillac,-1.4434,11,0.0,6.0059,10,7.3318,0.0255,11,0.0,2.4439,11
